"status_id","screen_name","text","favorite_count","retweet_count"
1207738432430182400,"LadyTiger81","@MGbayor @CoachSmokeNJ @BillBuschLSU Congratulations! <U+0001F49C><U+0001F42F><U+0001F49B><U+0001F405><U+0001F4AA><U+0001F3FB><U+0001F44A><U+0001F3FB><U+0001F64C><U+0001F3FB> #GeauxTigers",0,0
1207455165894266880,"LadyTiger81","Welcome to the family @33Jwhite !!!! <U+0001F49C><U+0001F42F><U+0001F49B><U+0001F405><U+0001F4AA><U+0001F3FB><U+0001F44A><U+0001F3FB><U+0001F64C><U+0001F3FB> #GeauxTigers https://t.co/76vkaAB7sT",1,0
1207465910040178688,"LadyTiger81","@33Jwhite @JimmyDetail @LSUFBrecruiting Welcome home to the family! <U+0001F49C><U+0001F42F><U+0001F49B><U+0001F405><U+0001F4AA><U+0001F3FB><U+0001F44A><U+0001F3FB><U+0001F64C><U+0001F3FB> #GeauxTigers",0,0
1207737467706720256,"BasinStRecords","Raffle tickets are 9 dollars in honor of the amazing week, season and careers of Joe Burrow and Drew Brees! The raffle closes at midnight. 100% of the proceeds go to five outstanding nonprofits. Winners announced tomorrow. #WhoDat #GeauxTigers

https://t.co/ymbHADdLvP https://t.co/yWnwwxtXHn",0,1
1207737097492336640,"_Cotton_Mouth","Look What Came In The Mail Today <U+0001F64F><U+0001F3FE> Geaux Tigers ! #SECChamps  Anybody Anywhere Anytime . We still got buisness to take care of . Bring it home in the Dome . #GeauxTigers https://t.co/Q3MQ5etvAu",1,1
1207736021259096064,"FQ_LSU","Outstanding clip of the hog mollies against Florida. What a year they<U+0092>ve had. #GeauxTigers 

Video via: (@LsuFBallTruth) 

https://t.co/4jFMLrxWOd",7,0
1207476802001784832,"FQ_LSU","@FQClemson There<U+0092>s some truth to these rumors. Coach O has confirmed, but didn<U+0092>t comment as to the extent of the injury just yet. Availability for playoffs is uncertain. #GeauxTigers",0,0
1207685491732209664,"FQ_LSU","LSU wins the Joe Moore Award for Top Offensive Line! #GeauxTigers 

Pic via: (@LSUfootball) https://t.co/ZDdo6xx7L2",96,12
1207500264107859968,"kdubbs64","@CoachJoeBrady @KayshonB15 @asap_koy It sure is, Coach! #WRTS #GeauxTigers",2,0
1207735189172105216,"kdubbs64","@LCush79 @Damienlewis72 @saahdiq @Siete__tres @austindeculus76 @chasen_hines @BadaraTraore74 @drosenthal51 @EdIngram70 @JamesCreggLSU Y<U+0092>all were great this year, your hard work really paid off &amp; we<U+0092>re all so proud! Keep grinding, we<U+0092>re not done yet! #LSUTrenchman #GeauxTigers  <U+0001F49B><U+0001F49C><U+0001F42F>",0,0
1207462994575286272,"kdubbs64","@marcus_dumervil Welcome to the Tiger family! #LSUFam #GeauxTigers <U+0001F49C><U+0001F49B><U+0001F42F>",2,0
1207734414358253568,"robert_riggans","@rebeccagrants @PennStateFball @BUFootball @GopherFootball @MSU_Football @AuburnFootball @MemphisFB @SMU_Football @UBFootball LSU Tigers <U+0001F42F> #GeauxTigers",0,0
1207732240102367232,"fauxcoachorger1","@ScarboroughMike #GeauxTigers https://t.co/DilZVuYKz2",1,0
1.207731291204e+18,"tmhawker","My Dad text me ""LSU is finally in the playoffs and we can't watch it together this year""... Cool Dad, thanks for adding to the pain of not being home for the holiday season. #GeauxTigers",2,0
1207706513743196160,"LSUGEAUXGEAUX","#GeauxTigers #LSU 
https://t.co/agB0xFO1T6
 
LSU top rusher Edwards-Helaire nursing injury as CFP nears",2,0
1207575458080075776,"LSUGEAUXGEAUX","#GeauxTigers #LSU https://t.co/ilmubNzzPe Tuxen Earns Bronze on Platform on Day Three in Auburn",0,0
1207573548988076032,"LSUGEAUXGEAUX","#GeauxTigers #LSU 
                                                https://t.co/idDH22OCoV
                     
                        LSU RB Clyde Edwards-Helaire injured in practice, status unknown for Peach Bowl vs. Oklahoma",1,0
1207726435957444608,"LSUGEAUXGEAUX","#GeauxTigers #LSU https://t.co/8tYXxFnCvK Offensive Line Claims Joe Moore Award for Top Unit",1,0
1207572756126162944,"LSUGEAUXGEAUX","#GeauxTigers #LSU https://t.co/ft4gAJXj5C Sources: Three Sooners suspended for LSU game",0,0
1207572754913992704,"LSUGEAUXGEAUX","#GeauxTigers #LSU https://t.co/z10HoiIq30 LSU leading rusher dealing with hamstring injury",0,0
1207575460533751808,"LSUGEAUXGEAUX","#GeauxTigers #LSU https://t.co/ahQO9ajbi2 Men's Basketball Falls to ETSU",1,0
1207573402527117312,"LSUGEAUXGEAUX","#GeauxTigers https://t.co/eGq8PZr4Yq Joe Burrow's Heisman speech sweeps nation, helps start fundraiser for Athens food bank https://t.co/UqUa1BDmvb",0,0
1207725832589971456,"stevieb39la","@arik_gilbert Welcome to the fam!  You're blood now.  #GeauxTigers",0,0
1207526933216595968,"stevieb39la","@marcus_dumervil Welcome to the fam! #GeauxTigers",2,0
1207724195133702144,"stevieb39la","The Bomb Squad!!!!!!  The best in college football!!  Congratulations!!
#JoeMooreAward #LSU #GeauxTigers 
<U+0001F4A3><U+0001F4A5><U+0001F49C><U+0001F49B><U+0001F4AF><U+0001F525><U+0001F3C6><U+0001F3C6><U+0001F3C6><U+0001F3C6><U+0001F3C6>",0,0
1207724400939802624,"wmwall1976","@LandonDowden #GeauxTigers I will be there, also...I<U+0092>ll be wearing purple!",0,0
1207723258944147456,"DavidBowenLSU","#Trenchmen #GeauxTigers https://t.co/paNd1p6fiE",3,0
1207720576837701632,"Zjtiger13","@saahdiq Congrats, finish strong, 2 more games to dominate.
#GeauxTigers",0,0
1207712714824372224,"LSUfootball","Follow all the newest Tigers! 

#GeauxTigers 

https://t.co/YDfw86rFjz https://t.co/P73rbXRgtX",239,39
1207720552200192000,"LSUfootball","LSU<U+0092>s offensive line has been named the winner of the Joe Moore Award as the most outstanding offensive line unit in college football. #GeauxTigers 

<U+0001F517>https://t.co/sreFIcGu4I https://t.co/GoIrOdVHUn",728,116
1207673933958266880,"LSUfootball","The winner of the 2019 Joe Moore Award. The best collegiate football offensive line unit. #GeauxTigers https://t.co/HDMq8K5KAu",3981,702
1207713808459948032,"dlorahII","@okcloud2014 Your comeback was strong as charlamagne hairline<U+0001F923><U+0001F923> We know all but 4 teams are already looking towards next year<U+0001F923><U+0001F923> #Sorry #Goodluck #Nosmoke #GeauxTigers https://t.co/YzjtzJQGxg",0,0
1207718583247224832,"dlorahII","@tripaces_ All but 4 teams are on next year already<U+0001F937><U+0001F3FE><U+200D><U+2642><U+FE0F><U+0001F923><U+0001F923><U+0001F923><U+0001F923><U+0001F923> #GeauxTigers",4,0
1207710280261738496,"dlorahII","@okcloud2014 Who is worked up?? I<U+0092>m glad the young man decided he wanted to stay home and block for y<U+0092>all running backs good luck to him. You seemed worked up all in my LSU posts<U+0001F937><U+0001F3FE><U+200D><U+2642><U+FE0F> I see you like the word Bandwagon but we don<U+0092>t have any room for you sorry dude<U+0001F923> #GeauxTigers",0,0
1207675209953808384,"dlorahII","Was a little bummed as a #LSU fan yesterday but I realized everyone doesn<U+0092>t has what it takes to be a #GeauxTigers We got the best 19 #Savages in the country yesterday<U+0001F929><U+0001F64C><U+0001F3FE><U+203C><U+FE0F> #GeauxTigers https://t.co/B8C1iebv1h",18,1
1207691168051613696,"dlorahII","Georgia signed Burton who is originally from Georgia 

#GeauxTigers signed Arik Gilbert, Bj Ojulari, Phillip Webb, and Max Johnson from Georgia<U+0001F42F><U+0001F49C>",58,6
1207674016267481088,"dlorahII","This guy my favorite signee from yesterday<U+0001F929>... #GeauxTigers<U+0001F42F><U+0001F49C> https://t.co/62CsTtfX8o",8,0
1207708581799313408,"dlorahII","Because y<U+0092>all Georgia fans thinking y<U+0092>all won something yesterday <U+0001F937><U+0001F3FE><U+200D><U+2642><U+FE0F><U+0001F923> We still own y<U+0092>all asses<U+203C><U+FE0F> 37-10 and I<U+0092>m going to keep talking bout that<U+0001F923><U+0001F923><U+0001F923><U+0001F923> #GeauxTigers https://t.co/S8TL9GjJwH https://t.co/WvnyuoSBhp",9,0
1207676323029803008,"dlorahII","@nudiemcglothern @tj_finley1 I been telling you your going to be a #GeauxTigers <U+0001F92B>",0,0
1207717091937312768,"ChiefG4LSU","Best offensive line in the country! Congratulations men! Very well deserved! #LSUTrenchmen #GeauxTigers #LSU @LSUfootball #ForeverLSU <U+0001F60E><U+0001F49C><U+0001F49B><U+0001F42F><U+0001F3C8> https://t.co/DADEFUUtPI",0,0
1207713746484965376,"johnvella","@DeepSeaDaddyJay @Hou_Tex_Jefe @kyleumlang @BarstoolTexasAM @1840ed61a1414e5 Wins?  try ""win"" (since joining the SEC)  <U+0001F923> <U+0001F42F> #GeauxTigers  

https://t.co/kxuUbdpsOW
https://t.co/9dtw3200i4",2,0
1207713736586231808,"LSUFBrecruiting","@CFAPeachBowl see you soon!
 #LSU #GeauxTigers https://t.co/btLDJkKum4",57,16
1207711512615366656,"BustedCherries","#HolidaySwagBag #LSU #HeismanTrophy #SecChampionship #PeachBowl #DanMarino #IsotonerGloves #GeauxTigers #HeismanHouse #BatonRouge #Louisiana

https://t.co/gzFeu0U4jf

#GeauxTigers https://t.co/YRrSn0mzGu",1,0
1207711350165667840,"14powerscom","https://t.co/ssYM999GQ0 #RTR #wareagle #WPS #gogators #UGA #BBN #GeauxTigers #HailState #Mizzou #hottytoddy #gamecocks #gigem #govols #GBO #vandy #AnchorDown  #12thMan #Aggies #Gigem #SECFB #SECFootball #RollTide #Gators #Auburn #14Powers",0,1
1207709267555495936,"itsjengreene","well now instead of hearing me talk about wanting tickets y<U+0092>all can just here me talk about HOW EXCITED I AM!!! Let<U+0092>s goooooo @LSUfootball <U+0001F4AA><U+0001F4AA> #GeauxTigers #LSU https://t.co/UZhVlnCjgP",4,0
1207709195828678656,"CenlaReport","#LSUFootball: The winner of the 2019 Joe Moore Award. The best collegiate football offensive line unit. #GeauxTigers",0,0
1207708423053291520,"KellyAnneTV","Home for the holidays! Meet Andrea Gathercole:

<U+0001F3C8> Showed a solid throwing arm #SEC game #GeauxTigers 
<U+0001F964> Won $100,000 in @drpepper Tuition Giveaway
<U+0001F469><U+0001F3FC><U+200D><U+0001F393> Tues: Took her last final of 2019 @Baylor
<U+2708><U+FE0F> Wed: Flew home to #BatonRouge
<U+0001F4FA> Today: Interview<U+0001F449><U+0001F3FC>https://t.co/kkMSuSL70c https://t.co/lRsdvsIhCP",3,3
1207494203774840832,"DaveWainwright_","@LSUSoccer Congrats!! #GeauxTigers",0,0
1207708216806785024,"DaveWainwright_","@RabalaisAdv I was there too. With Rogie Magee's dad. Hodson made their D look silly. I think we were outnumbered about 10 to 1 but it was fun and a nice day!! #GeauxTigers",0,0
1207708094580580352,"skipcar15","@TStrickk @CentralHSWarri1 @KoleTaylor3 @LSUfootball Welcome to #LSU #GeauxTigers",0,0
1207706469166178304,"prtgirl38","@samidurante8 I do the same I<U+0092>m Birmingham Al and i love it #GEAUXTIGERS",1,0
1207705831472586752,"g_sports21","They talk about Joe<U+0092>s turn around year. They don<U+0092>t talk about our O line tho! Good job O line! 1 of the worst last year to the best this year! #LSU #GeauxTigers @LCush79 @saahdiq @Damienlewis72 @austindeculus76 @EdIngram70 Adrian Magee &amp; @BadaraTraore74",0,0
1207705275827924992,"nicksmithMA","@WalkerJRoss I think i NEED Dat suit. #GeauxTigers",0,0
1207703355000274944,"Bigjoe0630","@atl_q0 @UGA_PB Y<U+0092>all got one we got 4 out of the state of Georgia I<U+0092>m good an #GeauxTigers",0,0
1207702783849308160,"LSUFan19521154","Happy 16th bday to my baby! We reppin the Tigers in KY <U+0001F601> #GeauxTigers https://t.co/WLfrdEJBft",2,0
1207553146286944256,"LSUFan19521154","@TStrickk @KoleTaylor3 @CentralHSWarri1 @LSUfootball Welcome!! Awesome to have you #GeauxTigers",0,0
1207463809713102848,"LSUFan19521154","@bignizo Thank you!!! Been a long time coming! #GeauxTigers",1,0
1207554793146859520,"LSUFan19521154","DUH <U+0001F923><U+0001F923><U+0001F923> #GeauxTigers https://t.co/65GVqFDX7T",0,0
1207701770928979968,"coachKeith_100","@ShoneWoods @asap_koy Congratulations!!!!! #GeauxTigers",0,0
1207701076562137088,"hogmania2","@JNaquins @Jasmine8137488 @Ohio_Buckeye_US @TBeansprout @TikiAngels @FIGHTER_USA_USA @Alexa17101614 @SavannahAngel25 @Southernfor45 @ptmarigan @gingerzsnapped @emtee2355 @TwistedOne96 @1SC_AR @gailsline @RedAce2024 @RL9631 IS GAME DAY GOIN EVER GET HERE<U+0001F3C8><U+0001F3C8> #GEAUXTIGERS https://t.co/asOsMn9JWE",0,0
1207700951005630464,"rivalsmike","#GeauxTigers and find out when Coach O is ripping his shirt off next https://t.co/JRgzJBTIaf",2,0
1207681018284646400,"rivalsmike","BOOM! #LSU #GeauxTigers https://t.co/aVfzJX1Luv",2,0
1207699628457545728,"rwwall2","Any group of humans that make Edward James Orgeron Jr. look small must be massive.

Congrats to the OLine on the award! #GeauxTigers https://t.co/tJfzjOcuiG",2,1
1207699032677715968,"LSU4LifeLSU","@maxtoscano1 @CoachOHummuh We will be FINE BECAUSE WE GOT THE LINE #GeauxTigers https://t.co/GBQXouG4Fn",0,0
1207696676904783872,"gumbo1968","Good morning #GeauxTigers  @ericsslater @RealCarlosO @transammaggie @tj_lsudad",1,0
1207685005448818688,"PrplGld","And bout to add @kardellt62 <U+0001F4AA>
#GeauxTigers https://t.co/hv3Y9mUhaX",2,0
1207696307336499200,"PrplGld","@samidurante8 You<U+0092>re in the wrong Athens.
GA<U+25B6><U+FE0F><U+2708><U+FE0F><U+25B6><U+FE0F>OH
#GeauxTigers",1,0
1207694092999778304,"JeremyTiermini","THIS is the kind of news that matters and I will cheer for @Joe_Burrow10 wherever he goes in the NFL. #GeauxTigers https://t.co/E14pjhzi6y",4,1
1207694071910879232,"kstatum1982","#Trenchmen #GeauxTigers https://t.co/ZwV9FJGDzM",0,0
1207494847734730752,"kstatum1982","#GeauxTigers https://t.co/gRYKSf2GqN https://t.co/mrLOJL4jAX",0,0
1207514625857724416,"kstatum1982","@lsusteve1973 @BrodyAMiller I think we got burned by some kids, and we hurt ourselves by trying to make more room for them. <U+0001F937><U+200D><U+2642><U+FE0F> #GeauxTigers #BayouBReed20",1,0
1207691355889098752,"E11Josh","@kwilliams5_ Congratulations #GeauxTigers https://t.co/G7I5fXp74r",2,0
1207690462733189120,"NOLA_2013","That shit was <U+0001F525><U+0001F525> #GeauxTigers https://t.co/YTWTae2ARn",0,0
1207689910536327168,"gracekerr12","1st pic makes my heart smile. #GeauxTigers https://t.co/4H8ppPm3XJ",1,0
1207686444887814144,"Chicharon_62","Congrats to @JamesCreggLSU for leading the best O-Line in the nation. #GeauxTigers",0,0
1207684742440783872,"ReginellisNOLA","Want a piece of me? <U+0001F609>
.
.
.
.
#neworleans #batonrouge #mandeville #louisiana #nolafood #nolafoodie #brfood #brfoodie #geauxtigers #whodat #thatLAcommunity https://t.co/NSgyRUZL3k",1,0
1207684177945956352,"BrandonTHarden","Joe Moore award for the Best O-Line in the country. Congrats grant08__ #lsu #geauxtigers https://t.co/CNORyTqcrW",0,0
1207682117435564032,"BrickKannon","#GeauxTigers #LSU https://t.co/0WxSBZrcVe",1,1
1207650316801519616,"PGar58","@lambas70 Coach O is awesome.  I love this guy.  He is the coolest.  I<U+0092>m all #GeauxTigers from here on out.  

Also Joe Burrow looks like Macaulay Culkin if Mac was cool and had it together.  <U+0001F60E>",0,0
1207681859859169280,"PGar58","Yes, it IS possible to have a man crush on a head coach.  I have one on Ed Orgeron and I don<U+0092>t care who knows it.  #GeauxTigers @_CarolinaCT @lambas70 @urth2leesha",0,0
1207681412498804736,"dodgerjazzcougs","@4hill2018 Davis-Price is a pretty good running back.  Oklahoma will have 3 guys out for the bowl game and LSU still have Burrow, Chase, and Jefferson so they should be just fine.  Yes is it in Baton Rouge.  #GeauxTigers",0,0
1207679645119856640,"R512Eric","I remember last year all the hateful things said about this group. Liability, inconsistency, not good enough, not athletic. How the times have changed!!! Congratulations guys!! #GeauxTigers <U+0001F49B><U+0001F42F><U+0001F49C> https://t.co/yGOjqEc3Rq",3,0
1207679132567506944,"LSUFloresMBA","Check out this great piece we shot with Blake! You can also read more about his story in the link below. #LSUFloresMBA #LSUFootball #GeauxTigers https://t.co/1HrqTNZTn1",44,6
1207677093255032832,"KadeDaigg","I'm really about to be in Atlanta for the game next Saturday. Holy shit let's go! #GeauxTigers",0,1
1207676330961182720,"DASH_Sportz","State of Louisiana Top 5 Signed with:

1. #GeauxTigers 
2. #GeauxTigers 
3. #UGA (unsigned)
4. #GeauxTigers 
5. #UGA",0,0
1207644235991846912,"DASH_Sportz","State of Florida Top 5 Signed with:
1. #GeauxTigers 
2. #ALLIN 
3. #ALLIN
4. #ALLIN
5. #GoGators",0,0
1207676744536412160,"DASH_Sportz","State of Maryland Top 5 Signed with: 

1. #ALLIN 
2. #RollTide
3. #Gamecocks
4. #WeAre
5. #GeauxTigers",0,0
1207644607426842624,"DASH_Sportz","State of Georgia Top 5 Signed with:

1. #ALLIN
2. #GeauxTigers
3. #UGA
4. #WarEagle
5. #UGA",0,0
1207676308702060544,"krazykayjun","@LSUfootball #LSU #GEAUXTigers",0,0
1207674648130916352,"Desmond_Boseman","#GeauxTigers We Dem Boyz Tiger Nation LSU https://t.co/EUPwZmH4Pa",0,0
1207673502570106880,"RoyceWall58","@CFAPeachBowl #GeauxTigers #CFBPlayoff #CFAPeachBowl",0,0
1207670833017171968,"B_Hagerman817","@Joe_Burrow10 
#GeauxTigers #LSU #lsufootball 

It<U+0092>s an LSU thing, we like to show are ass https://t.co/iHeHKnpwLH",2,1
1207670756387303424,"YoungFanna17","@coachakpenrod @Joe_Burrow10 Praying for healing in your wife<U+0092>s body and praying for your family <U+0001F64F><U+0001F3FC>    #GeauxTigers",0,0
1207669945741516800,"bunk213","@sugarfoot9804 @Realrclark25 #LSU rolled tide right out of the dam playoffs hahahaha #GeauxTigers",0,0
1207668197928796160,"pismoeyedoc","#GeauxTigers https://t.co/EXKnpbrnk0 https://t.co/iJ15nQXEQN",2,0
1207667052208635904,"smayeaux8918","@Joe_Burrow10 Even Santa Claus is a fan, bro! #GeauxTigers https://t.co/rggYMotWi6",0,0
1207666463420616704,"Eric_Esteban","Level up recruiting. #GeauxTigers planted their flag in Broward County today with an OOH billboard celebrating @STA_Football<U+0092>s @marcus_dumervil Signing Day commitment to @LSUfootball. https://t.co/owX1fKsf3w",16,3
1207664795345969152,"Alex_Maurice251","@CALEBcsw YKWTFGO #GeauxTigers https://t.co/1mg8JhM779",0,0
1207660074224771072,"Data_Knox","@BMWUSA I didn<U+0092>t think I could love my car anymore and then I saw you actually got Tiger Stadium right #LSU #GeauxTigers https://t.co/5EZ38j9V9q",1,0
1207658718030106624,"sdamare751","Best way to spend a birthday is with my dad...wish it wasn<U+0092>t getting treatment for cancer, but I<U+0092>ll take what I can get.  BTW..notice his LSU blanket..even he<U+0092>s shouting loud and proud in NJ. #GeauxTigers #Cancersucks https://t.co/f0oRPYOaTX",8,0
1207655598692671488,"jeffginn","@LSUfootball @bferguson50 @S4CKGURU @Rashard_99 @Joe_Burrow10 @LCush79 Congrats @bferguson50 for being a captain!  We are proud of your play but even more your character!  #GeauxTigers",0,0
1207648628145315840,"LSU_Mellie","@CFISDAbbie @cycreekhs @CyCreekBooster @VSnokhous @CyFairISD @CYCREEKFBALL17 @ray_zepeda1 @CFISDAthletics Welcome!! #GeauxTigers #ForeverLSU <U+0001F49C><U+0001F49B><U+0001F42F>",0,0
1207651124163076096,"LSU_Mellie","#HoldThatTiger #GeauxTigers #ForeverLSU <U+0001F49C><U+0001F49B><U+0001F42F> https://t.co/r4nNvKnW4k",0,0
1207649684765974528,"LSU_Mellie","#Family #GeauxTigers #ForeverLSU <U+0001F49C><U+0001F49B><U+0001F42F> https://t.co/N4yOptGOhM",0,0
1207648139232059392,"LSU_Mellie","#HoldThatTiger #GeauxTigers #ForeverLSU <U+0001F49C><U+0001F49B><U+0001F42F> https://t.co/pdveVdFSWA",0,0
1207648010668331008,"LSU_Mellie","Awesome!! #GeauxTigers #ForeverLSU <U+0001F49C><U+0001F49B><U+0001F42F> https://t.co/R0W6hdlUbn",0,0
1207655430400462848,"LSU_Mellie","May @LSUJesus place his healing hands upon you Clyde! #GeauxTigers #ForeverLSU <U+0001F49C><U+0001F49B><U+0001F42F> https://t.co/t41EZO4fh0",0,0
1207654627719680000,"BarryWixson","I want to thank some really amazing people at #LSU. I have advice for Tiger Fans.
1. Where you focus your thoughts is where you focus your personal energy. 
2.  Feel and give thanks as if you've already won the National Championship.

#GeauxTigers https://t.co/ZfxYketENI",0,0
1207651379633889280,"Emoney73402053","@247Sports Most important recruit in this class!! <U+0001F405>#Geauxtigers",0,0
1207651328643813376,"MegEliz1","Pajama Day! <U+0001F385><U+0001F3FB><U+0001F384> #BBP #GeauxTigers #LifeWithLathan https://t.co/CLHOqrLxHe",4,0
1207648160241389568,"_DHSLadyTigers","<U+0001F6A8>GAMEDAY<U+0001F6A8>
<U+26F9><U+0001F3FB><U+200D><U+2640><U+FE0F>: Doyle Vs. Acadiana 
<U+0001F4C6>: Thursday, December 19, 2019
<U+23F0>: 5:45 P.M.
<U+0001F3DF>: Hanson Memorial School
Please  come out and watch the Lady Tigers as they play their first game of the 76th Hanson Memorial Classic!
#GEAUXTIGERS<U+00A0><U+00A0><U+00A0>   #UNFINISHEDBUSINESS https://t.co/l3yA0ZD7cf",0,0
1207646434297884672,"LSU131","THERE IS NO BETTER FAN BASE THAN LOUISIANA 
WE ARE JUST DIFFERENT HERE
#GeauxTigers #WhoDat",0,0
1207641704859414528,"tommy_j_r","Say it ain<U+0092>t so. #GeauxTigers<U+0001F405>  https://t.co/SOLQ1VCTGG",0,0
1207641285751975936,"Jeff_MireLSU","@qbmjohnson2020 @LSUfootball @ScarboroughMike @Sheadixon @GeauxEdits Congratulations Max!! Can't wait to see you on the field man!! Embrace the grind!! #LSU #GeauxTigers",0,0
1207637304887652352,"ChelleWabrek","Thank You, Joe Burrow! #GeauxTigers  https://t.co/Gse4DcxRVY",0,0
1207636645664739328,"BigRob331","All I want for Christmas is a @CFBPlayoff Championship.   Hold that Tiger!!   #GeauxTigers #DelpitNation #LSU #burreaux @Coach_EdOrgeron",0,0
1207628118007128064,"MellowMike501","CONGRATULATIONS Coach O! The accolades are well earned. Great season for you and Louisiana! #GeauxTigers

https://t.co/n97X4iXoyc",0,0
1207613901925441536,"TerrenceBD","@FQ_LSU welcome aboard and thanks for the follow! Purple and Yellow! #GeauxTigers https://t.co/8ZnFChC2TO",0,0
1207459344482283520,"TerrenceBD","@PatrickLineber1 #GeauxTigers",0,0
1207609782183645184,"HartsWorld","Really annoyed that the impeachment stuff was announced on Early Signing Day... but for lsu fans it was probably best, yesterday was easily the worst day of the calendar year for us. #GeauxTigers",0,0
1207602898391195648,"andremcnab","@Kriss1_ Congrats man. Thank you and best of luck! #GeauxTigers",0,0
1207581096369643520,"jacko_boll","@Realrclark25 always up at the latest hour, ready for that Peach Bowl? #GeauxTigers",0,0
1207569063662239744,"TammyJeffers3","@qbmjohnson2020 @LSUfootball @ScarboroughMike @Sheadixon @GeauxEdits #GeauxTigers  So proud to have you in the Purple and Gold with LSU across your chest!! The best is yet to come!! Congratulations Max!",1,0
1207554570416742400,"BurrowsHeisman","Athens and Louisiana will fight the world together. #GeauxTigers #GeauxBulldogs https://t.co/2hgrUNE3i7",6,2
1207537489121955840,"lsu14powers","https://t.co/bPUzdG9tY0
#LSU #GeauxTigers #14Powers",0,1
1207537371937329152,"lsu14powers","https://t.co/5hsVLtshDP #LSU #GeauxTigers #14Powers",0,1
1207539726858641408,"lsu14powers","https://t.co/xdkgdfAleW #LSU #GeauxTigers #14Powers",0,1
1207531435114082304,"LRJs_","@TannerBreitwis1 @kittywhisperer7 @joelpollak @tribelaw Best of luck to ya. #GeauxTigers",1,0
1207528177070985216,"whodatchacha","Love Y<U+0092>all &amp; Happy Merry Christmas to  some of my favorite people <U+2764><U+FE0F><U+0001F384><U+2764><U+FE0F> May it Full of Blessings Love&amp;Joy<U+0001F384><U+0001F381> #DogsMostWanted #DogPound  #GeauxTigers <U+0001F49C><U+0001F42F><U+0001F9E1> @DogBountyHunter @LelandBChapman @MrsJamieChapman @theRealJaneBond @Fast156 https://t.co/vJfYKcEqZC",5,0
1207526939860389888,"j_samuelson88","Men if y<U+0092>all stick together, work hard, and buy in y<U+0092>all will all be successful and win multiple National Titles welcome aboard!!! #GeauxTigers #OneTeamOneHeartbeat https://t.co/U5OK4RAY82",23,6
1207525342673543168,"Katy_Dash","@CFAPeachBowl look, go ahead and throw one of those fancy Burreaux jerseys in there and I'll pick it up in person lol. just say the word!!!! #OneTeamOneHeartbeat #GeauxTigers #LSU <U+0001F49C><U+0001F49B>",0,0
1207523223405047808,"iam_MR713","@regannrussell @SenBillCassidy @realDonaldTrump #ImpeauxedTrump<U+0001F44F><U+0001F3FE> #GeauxTigers",0,0
1207522336783646720,"LimeLifeMMJ","@KChenoweth @OU_Football @OU_Athletics @UofOklahoma We adore you @KChenoweth that being said....#GeauxTigers @LSUfootball @MiguesJordan",0,0
1207520763286343680,"regannrussell","@SenBillCassidy @realDonaldTrump #GEAUXTRUMP #GEAUXTIGERS",0,0
1207509942808317952,"bigwil225","@nomoresleeves @CajunTiger1787 We'll settle it on the field as always. New era though. #GeauxTigers",1,0
1207518986042314752,"bigwil225","@GoffGoff27 @tikaij2 @dbassassin13 I wish him well but that doesn't mean I have to support him and the agenda him and his team has which is to beat mine. #GeauxTigers",0,0
1207516131470258176,"Npa316","@arik_gilbert #GeauxTigers",0,0
1207516022049132544,"raywill001","@RashadDaviSr_ @Eliasricks2020 #GeauxTigers",2,0
1207515529814122496,"Solomon30539235","@arik_gilbert Let's get to work! #GeauxTigers",1,0
1207515358086782976,"DSports24","@ShoneWoods @Bengal_Buga @asap_koy WELCOME TO #LSU Family #GeauxTigers",1,0
1207514504235495424,"rick_dardar","@Mathieu_Era @LSUfootball Got a good crew coming in. Exciting times ahead! #LSU #geauxtigers",0,0
1207513037651009536,"waltersbrgtt","@mahmoudsammour_ @Mathieu_Era @LSUfootball Keep grinding and follow that dream... The path may not be an easy one, but one day #GeauxTigers",4,0
1207513439758893056,"waltersbrgtt","@AzCota @Mathieu_Era @LSUfootball More like, would ever consider coming home... #Saints #GeauxTigers",1,0
1207511528896913408,"joeTthadon","That Panda don<U+0092>t know shit from piss #GeauxTigers https://t.co/tV8sH8lunR",1,0
1207507888442368000,"DR10001","R<e9>veillon Dinners in New Orleans | New Orleans Local's Guide https://t.co/lDt4sEvbPD via @GoNOLA504

#NOLA #GeauxTigers #GeauxCajuns #Food #Foodies",0,0
1207506859428634624,"TDR_mlousteau","@MattMoscona @DeadSoxy aparrently marketing works! #GeauxTigers https://t.co/rHsx7ZUJou",2,0
1207505694464892928,"izo_ij","I feel like I<U+0092>m Gucci mane in 2006 <U+0001F976><U+0001F929> #WhoDat #WontBowDown #540inThe504 #NOLA #iSpyVisions #Photography #GeauxTigers [ <U+0001F4F8>: @nah_notray ] https://t.co/d2nSmvDw9x",2,0
1207504902865457152,"msmardigra","@Sheadixon @RakimJarrett Maryland?  Really?  Come 2020 football season, and when the mighty Tigers begin to play, you<U+0092>ll be regretting that decision. #secdominates #whererealfootballisplayed #lsudeathvalley #GeauxTigers #1",0,0
1207502395372118016,"Coach_Giles400","It<U+0092>s all #GeauxTigers on this end but USC is the home SEC team. They landed some pretty good recruits today!",0,0
1207501435644063744,"8onTheCloud","@CoachJoeBrady @KayshonB15 @asap_koy #GeauxTigers",0,0
1207487991167488000,"8onTheCloud","@_fournette #GeauxTigers",0,0
1207498490739412992,"Z7XtremeBBD","@maxtoscano1 @DorianMStarkey Ok. Whatever. Truly believe that their is a solution to ever problem, so Good Bye.<U+0001F44B> #GeauxTigers",1,0
1207496193925931008,"Z7XtremeBBD","#GeauxTigers https://t.co/xvb4yDVxqp",1,0
1207474861540626432,"Z7XtremeBBD","@Kriss1_ Congrats Kbaby. Now that you graduate, time for you and your fellow Tigers to get that Peach Bowl win and go to New Orleans for Championship. But First thing First, <U+0001F512><U+2B07><U+FE0F> ou. #SavageSN #OneTeamOneHeartbeat #KeepGrinding #MeanToughNasty #DBU #GeauxTigers",1,0
1207471768031641600,"Z7XtremeBBD","@Tht_Boy_Mike Congrats Mike. Great job on and off the field. Keep grinding and working on your goals in life and you and your teammates goals for season. #SavageSN #OneTeamOneHeartbeat #KeepGrinding #MeanToughNasty #AllGasNoBrakes #GeauxTigers",2,0
1207499621012058112,"Z7XtremeBBD","@DorianMStarkey @maxtoscano1 Speak louder so they can here you in the northeastern region. Dang. #GeauxTigers",2,0
1207494194752839680,"Z7XtremeBBD","@DorianMStarkey @maxtoscano1 Plus I'm sure they, Coach E and Brady, will have a answer for that type of defense next time they encounter it. #GeauxTigers",0,0
1207499075731558400,"AmyRoberie","@CoachJoeBrady @KayshonB15 @asap_koy Excited for the future! #GeauxTigers",0,0
1207495946906603520,"RKWilliams_on","@bferguson50 Love yo...oh...wait...you were talking to your actual bro.  My fault.  #GeauxTigers",1,0
1207493803185262592,"timelessischic","#GeauxTigers",0,0
1207492414119841792,"shadowIP_LXS","#NFLSU #LSDBU #DBU #GeauxTigers <U+0001F49C><U+0001F49B><U+0001F405> https://t.co/DVuUHfZKMe",0,0
1207488818611392512,"samanthaniette","I crocheted a baby yoda and my friend I made him for tagged him today and HER MAMA BOUGHT THE BABY A SHIRT. #babyyoda #geauxtigers https://t.co/QUwFv6jkmh",1,0
1207488434576736256,"MGbayor","Blessed to receive an offer from Louisiana State University <U+0001F42F><U+0001F49C><U+0001F5A4> @CoachSmokeNJ @BillBuschLSU  #GeauxTigers #irvingtontuff https://t.co/BZmaHejE8d",140,42
1207488095895064576,"Grant__Jones","@finebaum LSU swing and miss for number 1 lost 3 good ones but still an extremely solid class . #GeauxTigers",1,0
1207484495676370944,"smokenK2","#GeauxTigers",0,0
1207483785559891968,"Snicker61046547","@CFBONFOX #GeauxTigers #CoachO https://t.co/AJ8AOvMuwb",1,0
1207484183498674176,"Snicker61046547","@ducksVSall @BarstoolSC @CFBONFOX More confused considering that LSU is in the playoffs and Oregon isn't... #GeauxTigers",4,0
1207483397528047616,"kevinparker21","Watching the 2004 Sugar Bowl. 2 observations.  1) @mspears96 was a beast with his pick 6. 2) bob stoops was a douche bag #GeauxTigers",0,0
1207480614783459328,"MeganCorrales","Congrats on signing baby!! So incredibly proud of you!!<U+0001F49C><U+0001F49B> #GeauxTigers @Marl0n77 @LSUfootball https://t.co/0uQxwpZsdg",6,0
1207477990843723776,"vetsurg2002","@Kriss1_ Really proud of you KF1! Great job! #GeauxTigers",0,0
1207478604923318272,"vetsurg2002","@bferguson50 Congratulations Blake! Really proud of you! #GeauxTigers",1,0
1207477164242866176,"AyYoDex27","<U+0093>Hardwork beats talent when talent doesn<U+0092>t work hard<U+0094>..Story for LSU Baskeball tonight. Entirely too talented to be getting out-hustled...
 #LSU #GeauxTigers",0,0
1207469453136531456,"AyYoDex27","LSU Basketball has 0 offense against the ETSU zone...struggle bus tonight #geauxtigers",1,0
1207475392296243200,"InsideLSU","Newest member of the DBU fraternity. 

Welcome to the brotherhood, @EliasRicks2020! #GeauxTigers https://t.co/jpKGBJdnoh",5,0
1207476509524529152,"InsideLSU","Loyalty never wavered. 

Welcome to the family, @TJ_Finley1. #GeauxTigers https://t.co/UT8qH6lTZs",18,1
1207476259388825600,"MegganFranks","Hey there @LSUCoachShaver! <U+0001F49B><U+0001F49C> #GeauxTigers https://t.co/ZqDPWxnaBz",0,0
1207475999325261824,"xXRiseAboveXx","@Coach_EdOrgeron Ever think of adopting a 45 year old man, Coach? 
#GeauxTigers 
#iwillfollowcoachedthroughthegatesofhell",0,0
1207473653094350848,"emilykatharine_","@CFAPeachBowl <U+2714><U+FE0F> love it #GeauxTigers",0,0
1207473620865495040,"JBBridges","We're going to the Chick-fil-a Peach Bowl. This would be an amazing gift!! Geaux Tigers!! #firstpeachbowl #firstcfbplayoffgame #GeauxTigers https://t.co/dvumflGxhL",0,0
1207473500820127744,"ThisIsEmilyy_","@CFAPeachBowl this would be awesome for an sec fan out in california #GeauxTigers",0,0
1207472083292303360,"daniel_848","@Clydro_22 stay positive 
#GeauxTigers 
#LSU",0,0
1207470388319535104,"CoxSportsTV","From rejected to restored, Coach O and Joe Burrow have blazed their trails in Baton Rouge. #GeauxTigers #LSU
https://t.co/t4IyvakwMs",8,2
1207469049912782848,"PGFPodcast","#Collegefootballrecruiting rankings 2020: Where teams stand during early #NationalSigningDay 2019
#Clemson #RollTide #GeauxTigers #OhioState #GoDucks #UGA #WarEagle #GoGators #BoomerSooner
#GoIrish #CFB #PGFP https://t.co/Mevf82qVHO",0,0
1207468419332878336,"DaGreen11","@marcus_dumervil I don<U+0092>t care how you say it I<U+0092>m glad your on my team! 102,321 got your back #GeauxTigers",2,0
1207468036950638592,"chessabouche","@LSUBasketball trails by 13 after a turnover and an easy bucket for East Tenn. State 46-33 15:37 2nd Half 

#BootUp #GeauxTigers",0,0
1207467331774926848,"LSUSoccer","Get to know Coach Hudson!

#GeauxTigers https://t.co/nk8dmI7Usv",100,12
1207467073095553024,"bjeansonne","Send him back to China IMMEDIATELY #GeauxTigers https://t.co/AyocISRqi5",0,0
1207467044658008064,"Thebigchocolat1","@Tuaamann @PGuy_77 always #ohana always love
#geauxtigers",0,0
1207465170160824320,"mistercjones39","@Pegredd @tj_finley1 Oh course he will. No other way. #GeauxTigers",1,0
1207464239591546880,"TigerNola","@LSUBasketball #LSU coming back to whip that a$$ in the 2nd half #GeauxTigers",1,0
1207458250536423424,"TigerNola","@d1baseball @BaseballUGA @LSUbaseball @ClemsonBaseball @GTBaseball @TexasBaseball #GeauxTigers",0,0
1207463690414575616,"TexasShel","He's in y'all!

#lsu #GeauxTigers 

@ABREG_1 https://t.co/8ZFFuxOvmC",1,0
1207463168953344000,"Paul_Brown92","I love the State of Louisiana and everything that comes with it. Awesome People and Amazing food. I<U+0092>m glad I can say I lived there for a few years and got turned into an LSU fan and my Heart will forever be in LA. #GeauxTigers",2,0
1207458712711028736,"DaronGoynelsu1","What a major difference between Saban<U+0092>s presser and @Coach_EdOrgeron Night and day!!! Way to geaux Tighas!!! The enthusiasm was spot on #GeauxTigers  @finebaum @FredFromPlano",1,0
1207458658902302720,"mz_indy500","@RealSkipBayless Don<U+0092>t worry they was going to win it all regardless #GeauxTigers",0,0
1207458307847413760,"FOXSportsNOLA","What a haul for @LSUfootball and @Coach_EdOrgeron <U+0001F42F>!

#GeauxTigers | #HoldThatTiger https://t.co/L5jPSIGNRv",3,1
1207457776169103360,"jasonsdunham","USC didn't hire Coach O after the 2013 season because they didn't like the way he talked. He wasn't sophisticated.
LSU hires O after the 2016 season. 2019 coach of the year, and SEC champion. Coach O-top 5 recruiting class. 
USC? #78 Thank you for you snobbery. #GeauxTigers #LSU",1,0
1207457650000191488,"JoseAreizaga","@BeignetThief We love you too! #GeauxTigers",1,0
1207456717388296192,"jpmatte","@Eliasricks2020 Congratulations and #GeauxTigers!",0,0
1207456084522344448,"alleyofsin","First of all, they never stood a chance anyway, especially with that trash defense. Second, Clyde Edwards-Helaire, LSU<U+0092>s star running back, is hurt. Third, JOE BURROW. #LSU #GeauxTigers https://t.co/EOSGX81EJm",4,0
