"status_id","created_at","screen_name","text","favorite_count","retweet_count","place_full_name","friends_count"
"1208395344893140999",2019-12-21 14:34:35,"TDFINN","@collegegameday @espncfb why though?! <U+0001F937><U+0001F3FB><U+200D><U+2642><U+FE0F><U+0001F37B> #CFB #CollegeFootball #NCAAF #HookEm https://t.co/nK8miYnBHw",0,0,"AMLI at the Ballpark",2820
"1208394080406921216",2019-12-21 14:29:34,"YouNOTthefather","Full scholly surprises.
And the Magic of Christmas. 
Never gets old... #HookEm <U+0001F918><U+0001F3FC>
#SeasonOfGiving <U+0001F384> https://t.co/i3kUBU93v7",0,0,NA,1738
"1208385715421220865",2019-12-21 13:56:19,"kwame557","@DeVonMitchellS1 @Barry_Switzer @TaylorEstes247 @UTAustin @Shana_Jabri Lol #HookEm",0,0,NA,900
"1208381217927774209",2019-12-21 13:38:27,"rikerjoe","OMG, Hell just froze over #hookem https://t.co/SAgSYBkina",2,0,NA,1207
"1208378121042440192",2019-12-21 13:26:09,"C__Diddy","@GPinks @TReedThomas I need this too after the season we’ve had @GPinks #HookEm",0,0,NA,412
"1208368546503430150",2019-12-21 12:48:06,"TexasMBB","GAME DAY !!! Let's do this.

<U+0001F19A> Providence
<U+23F0> 1 pm CT (2 pm ET)
<U+0001F4CD> Providence, RI
<U+0001F4FA> FOX
 
<U+0001F4BB> https://t.co/U6L2Ilat0R
<U+0001F4FB> https://t.co/eudzTyE4C9
<U+0001F4CA> https://t.co/7k8RvOmQlp
<U+0001F39F> https://t.co/ajiWSDlH7x
<U+0001F918> #HookEm https://t.co/cofhPQ9UNH",37,7,NA,167
"1208149471395233792",2019-12-20 22:17:34,"TexasMBB","Gettin’ shots up. <U+0001F624>

#AllForTexas | #HookEm https://t.co/qlJQIKPJPo",137,12,NA,167
"1207764362284470286",2019-12-19 20:47:17,"TexasMBB","Wheels up to Providence <U+2708><U+FE0F><U+0001F918>

#AllForTexas | #HookEm https://t.co/3vx9gj5S4T",188,14,NA,167
"1208088564459884545",2019-12-20 18:15:33,"TexasMBB","Always great connecting two long-time friends! @UConnMBB 

Our @A_Hudy &amp; Donny Marshall at practice today. Donny will be on the @CBBonFOX call tomorrow (1 pm CT). 

#HookEm <U+0001F918><U+0001F3C0> https://t.co/Xv9KbdQkG3",18,0,"Providence, RI",167
"1208008199279915008",2019-12-20 12:56:13,"TexasMBB","Wishing a very Happy Birthday to former player &amp; current @nyknicks assistant coach @ROYALTIVEY (2000-04) from your #TexasFamily!

#Longhorns4Life #HookEm <U+0001F918><U+0001F3C0> https://t.co/dMqCtKvNXc",74,4,NA,167
"1207708432305967104",2019-12-19 17:05:03,"TexasMBB","ON SALE NOW:
Single-game tickets are available NOW for all 9 @Big12Conference home games and the #Big12SEC Challenge game (1/25) vs. LSU.

#AllForTexas #HookEm <U+0001F918><U+0001F3C0>

https://t.co/IJyHLbxtIe",23,5,NA,167
"1208339343200243712",2019-12-21 10:52:03,"CoachYB702","@40acressports UT could use this Special Teams coach. Sign him! #hookem",0,0,NA,210
"1208330097691770883",2019-12-21 10:15:19,"Longhornfocus","#HookEm <U+0001F918> https://t.co/bDRmnJSCtM https://t.co/OTXEdSGN5M",3,0,NA,451
"1208092590559547392",2019-12-20 18:31:33,"Longhornfocus","@CoreyLWren @TexasFootball @KgpoppKyle @JPrestonSports @RecruitLouisian @BCarringtonUT @SuperK_TFB Congrats Corey! #HookEm <U+0001F92B><U+0001F918> https://t.co/6NPPgrUZYO",7,1,NA,451
"1207737259388092417",2019-12-19 18:59:35,"Longhornfocus","Yet Sam Ehlinger is less than 2 weeks from having more Bowl wins than OU has from Baker, Kryler and Jalen combined... <U+0001F92B>#SoonersSmokedInBowls #HookEm https://t.co/laVerPPn1C",120,10,NA,451
"1207767917447630848",2019-12-19 21:01:25,"Longhornfocus","@Jahmyr_Gibbs1 @ChadSimmons_ @Mansell247 @therealkwat Yessir, Congrats! #HookEm <U+0001F918> https://t.co/ATlh0DksVI",14,1,NA,451
"1208031954542612480",2019-12-20 14:30:36,"Longhornfocus","Congrats to @Bijan5Robinson for being named @usatodayhss 1st team All-American <U+0001F3C6> #HookEm <U+0001F92B> https://t.co/ov6CMEFeRn https://t.co/GdTWhDhJHz",10,0,NA,451
"1208274462837280769",2019-12-21 06:34:15,"BigD_Powerlifts","Me and <U+2066>@J_Whitt3<U+2069> was so serious bruh <U+0001F602><U+0001F602> #HOOKEM https://t.co/aK6NGDVjvD",4,0,NA,499
"1208270695152664576",2019-12-21 06:19:16,"jmonies","<U+0001F918><U+0001F3FC> #hookem https://t.co/wuvyAkd1hc",3,0,NA,1654
"1208265783547236352",2019-12-21 05:59:45,"DJCantu","Hell has frozen over! <U+0001F633><U+0001F918><U+0001F3FC> #HookEm #Longhorns #Sooners https://t.co/WTWHT6xleb",1,0,"Mansfield, TX",230
"1208256640421634048",2019-12-21 05:23:26,"GTOphil","#HookEm https://t.co/1RRFfmLioi",1,0,NA,973
"1208251417754001409",2019-12-21 05:02:40,"MrWes923","@mattjlange @valeroalamobowl @KDTrey5 @TexasFootball @Nike After party &amp; Wine Tasting
Get your tickets here : https://t.co/vBG1STtxb1
#HookEm #GoUtes https://t.co/3pMPrFFupM",0,0,NA,13068
"1208213524058652672",2019-12-21 02:32:06,"MrWes923","New Year’s Eve Afterparty &amp; Wine Tasting.
Book Your Hotel Rooms Now!
https://t.co/wjD9FpMu8p
 
@TexasLonghorns 
#HookEm https://t.co/pG4R5BGbab",0,0,NA,13068
"1208250220661878784",2019-12-21 04:57:55,"theotherrene","Effing Rice.  #hookem https://t.co/cDoVLmYNiW",0,0,NA,510
"1208204444585877504",2019-12-21 01:56:01,"theotherrene","@CoachTomHerman  
Yeah, so.   #texas #hookem https://t.co/euXQjDagD2",0,0,NA,510
"1208248388778676225",2019-12-21 04:50:38,"carlystapes","Bachelors of Science, Nutrition. #FemalesInScience #UTAustin #HookEm https://t.co/RDOjEWk9QD",83,2,NA,995
"1208033794416099328",2019-12-20 14:37:55,"richardklinger","Three Amigos #ThisIsTexas #HookEm https://t.co/hoPQdriMgy",8,1,"Austin, TX",853
"1208244696021114880",2019-12-21 04:35:58,"richardklinger","Bob Stoops and Barry Switzer know What’s Up #HookEm <U+0001F918><U+0001F3FD> https://t.co/NWXJSswGxU",35,5,"Austin, TX",853
"1208242559690166279",2019-12-21 04:27:28,"DonKabel","Awesome... Good Sport.. #hookem https://t.co/FjCfgINfyu",0,0,"Texas, USA",667
"1208236540499025921",2019-12-21 04:03:33,"Sportsnaut","#Sooners legend Barry Switzer has great reason for doing 'Horns Up' with Texas fan https://t.co/1ZsJOyiHYa #BarrySwitzer #HookEm https://t.co/fj5VHkgvjh",0,0,NA,11
"1208159509899812866",2019-12-20 22:57:28,"Ezekiel21Mvp","Best version <U+0001F914> thought u were awesome last yr but ok #hookem <U+0001F440><U+0001F918> https://t.co/XLvppqnLjA",1,0,"Texas, USA",3590
"1208234437575659520",2019-12-21 03:55:12,"Ezekiel21Mvp","Future Longhorn #HookEm @kelvontay3 https://t.co/cIaLQLoemp",2,0,"Texas, USA",3590
"1208217694572621829",2019-12-21 02:48:40,"HookemHorns87TF","@757EliteDB @dhglover @Bubblesdnf @RivalsFriedman @HamiltonESPN @DemetricDWarren @BrianDohn247 @overtime #Hookem<U+0001F608> https://t.co/z5lUjF6of6",1,0,NA,343
"1208230809280434176",2019-12-21 03:40:47,"HookemHorns87TF","@highlytoutedtx @MarcusBurris8 #Hookem<U+0001F608>",0,0,NA,343
"1207832858456477697",2019-12-20 01:19:28,"HookemHorns87TF","@JalenMilroe @_jessejensenn_ #Hookem<U+0001F60E>",2,0,NA,343
"1208216481110089730",2019-12-21 02:43:51,"HookemHorns87TF","@Lights2Longhorn Hes coming long as Billy and Derick does and from i know Billy and Derick like Texas alot<U+0001F609> #Hookem",2,0,NA,343
"1208218198660780032",2019-12-21 02:50:40,"HookemHorns87TF","@100YARDLANDLORD @LongHornFrenzy Happy Birthday Xavion<U+0001F60F> #Hookem enjoy your next ride in life https://t.co/aTbjRQLIGU",0,0,NA,343
"1208220346517770240",2019-12-21 02:59:12,"HookemHorns87TF","@757EliteDB guess i forgot you were a JR lol we have a whole year to work on you<U+0001F608><U+0001F60F> #Hookem #trUTh2021 https://t.co/fqGiQGMWGt",1,0,NA,343
"1208217154597851141",2019-12-21 02:46:31,"HookemHorns87TF","Lets go @Billy2Bowman and @Jatavionsanders #Hookem<U+0001F608><U+0001F608><U+0001F608>",5,0,NA,343
"1208228836141412352",2019-12-21 03:32:56,"laynev17","How could you live in Norman. A shit hole town . #hookem",16,0,"Norman, OK",3426
"1208225899155525632",2019-12-21 03:21:16,"Beenjamn_Gee","<U+0001F602><U+0001F602><U+0001F602> You said without ou.. <U+0001F923><U+0001F923><U+0001F923> #HookEm <U+0001F918> https://t.co/Rb5kLXcoWg",0,0,"Virginia, USA",278
"1208218679583920131",2019-12-21 02:52:35,"BeauBlair","@TheTedMSmith @barstoolsports #2 Billy Bowman Jr. @Billy2Bowman #HookEm commit <U+0001F918><U+0001F3FC>",0,0,"Burleson, TX",1189
"1208214944585527296",2019-12-21 02:37:44,"HookEmFanAllDay","Hell yeah! Texas needs to go to every Texas highschool and ask their coaches about their top most athletic dudes and recruit them all day. <U+0001F402><U+0001F918> #Hookem https://t.co/ZMqOXHzUZF",0,0,NA,498
"1207709714072641540",2019-12-19 17:10:08,"NinosCorner","With the hiring of new DC Chris Ash, #Texas will be in a 4-3 defense more often than not. Here are 4 recruits they should target that did not sign on NSD #1:
1. Alfred Collin (DE)
2. Princely Umanmielen (DE)
3. Branard Wright (DT)
4. Brennan Scott (OLB/DE)
#HookEm #ThisIsTexas",48,4,NA,893
"1208213830595207168",2019-12-21 02:33:19,"NinosCorner","HornsCorner: Way Too Early 2020 Texas Defense Depth Chart https://t.co/umxsNn0Z46 #HookEm #HornsUp #TexasFootball #ThisIsTexas #NinosCorner #BattleStats",0,0,NA,893
"1207887812768522242",2019-12-20 04:57:50,"NinosCorner","HornsCorner: Way Too Early 2020 Texas Defense Depth Chart https://t.co/ZsJF4Nh8LU #HookEm #ThisIsTexas #HornsCorner #BattleStats #TexasFootball",2,1,NA,893
"1208213628685561856",2019-12-21 02:32:31,"GPowersScout","Texas commit Billy Bowman Jr with an INT. #HookEm @Billy2Bowman https://t.co/VGsOcqnJns",46,9,NA,2854
"1208213295997562880",2019-12-21 02:31:11,"justinwells2424","Billy Bowman INT NO. 2. #HookEm",86,2,NA,899
"1208199802091188225",2019-12-21 01:37:34,"justinwells2424",". @Jatavionsanders is LE-GIT. #HookEm",57,6,NA,899
"1208207404321705985",2019-12-21 02:07:47,"justinwells2424","‘21 Denton Ryan ATH, #HookEm commit @Billy2Bowman with the INT. Then, craziness. #UILState https://t.co/Ddu0dqVXff",104,10,NA,899
"1208184207996047361",2019-12-21 00:35:36,"justinwells2424","‘20 Shadow Creek elite safety, #HookEm signee Xavion Alford @100YARDLANDLORD here for the state title. #cloUT2020 #UILState https://t.co/KL1aK90MTW",111,5,NA,899
"1208129832632094721",2019-12-20 20:59:32,"justinwells2424","‘20 Carthage ATH, #HookEm target @kelvontay3 is hearing from UT, Florida, and UTSA the most. He has a Texas OV in January. #UILState #bEASTtexas https://t.co/MkMhyr2g0J",135,16,NA,899
"1208156626307440641",2019-12-20 22:46:00,"justinwells2424","Fridays in the Humidor - 12/20/19

*Latest OC search info, names 
*team intel, practice report 
*State of Recruiting w/ UT’s board for #NSD2 

@EricNahlin and myself with more: https://t.co/WbaSlrUfVq (Members) #HookEm #cloUT2020 https://t.co/GMc1LHr9w6",12,5,NA,899
"1208125417279934464",2019-12-20 20:42:00,"justinwells2424","‘21 Pleasant Grove OLB, #HookEm target @landonjackson40 during pre-game. (@FOXSportsSW) #bEASTtexas https://t.co/j5b964Gyre",369,34,NA,899
"1208211874434764802",2019-12-21 02:25:33,"aasdanny","Sophie Taylor got a pretty cool Christmas present on Friday.

https://t.co/4E34LwOWfg #HookEm",6,1,NA,100
"1208209412055281665",2019-12-21 02:15:45,"samaustin1_","dawg status #UILState #hookem @keaontay_ingram https://t.co/MnL5kSP8XL",1,1,NA,350
"1207764279530799104",2019-12-19 20:46:58,"MikeRoach247","(FREE) Recruits to watch at this week's #UILState championship games.  #HookEm https://t.co/lT8YQAghQ3 https://t.co/BFzYNCnBL1",26,7,NA,1115
"1208207687919570945",2019-12-21 02:08:54,"MikeRoach247","John Curtis ATH Corey Wren discusses his Texas offer. #HookEm https://t.co/gPaFMJklb6 https://t.co/fYkAMymL0c",39,6,NA,1115
"1208060406121533447",2019-12-20 16:23:40,"MikeRoach247","Texas assistant Tim Beck the favorite to win @247Sports Big 12   recruiter of the year. #HookEm https://t.co/R64ahgpOqI https://t.co/UieCyGWNTA",149,17,NA,1115
"1208072521150554112",2019-12-20 17:11:48,"MikeRoach247","New Texas signee Jaylan Ford (@Jaylanfxrd) opens up on decision to sign with Longhorns. #HookEm https://t.co/v0ylwpSuVr https://t.co/VvUoa8TpQG",18,4,NA,1115
"1208207362089197568",2019-12-21 02:07:37,"BDammone","PBU by @TexasFootball commit @Billy2Bowman of @DentonRyanFball . #HookEm #trUTh21 #ATW #Txhsfbplayoffs https://t.co/k1gZO7jcXf",2,0,"AT&T Stadium",1164
"1208202188536909825",2019-12-21 01:47:03,"BDammone","Sack by @DentonRyanFball  ATH @Jatavionsanders . #HookEm #ATW #Txhsfbplayoffs https://t.co/WIInmfDNhi",1,0,"Arlington, TX",1164
"1208024614074552320",2019-12-20 14:01:26,"UTLONGHORNSNO1","#HookEm #Texas https://t.co/X0OzbAXP8B Providence will provide a physical challenge for Texas https://t.co/MoQ8giQLIb",0,0,NA,1075
"1208137784298479616",2019-12-20 21:31:08,"UTLONGHORNSNO1","#HookEm #Texas https://t.co/i6Sgenl1YO Two 2021 Longhorn commits will play for a state title tonight https://t.co/psrSGrZ1KF",0,0,NA,1075
"1208204487338450946",2019-12-21 01:56:11,"UTLONGHORNSNO1","#HookEm #Longhorns https://t.co/vnsHgDGvDk Video: Women's Basketball's Sophie Taylor surprised with scholarship",0,0,NA,1075
"1207782498714996737",2019-12-19 21:59:21,"UTLONGHORNSNO1","#HookEm #Longhorns https://t.co/3LvKTXhqXj Video: LHN Celeste Taylor interview",1,0,NA,1075
"1208160559503433735",2019-12-20 23:01:38,"UTLONGHORNSNO1","#HookEm #Texas https://t.co/AmBd0p61iD 9 Longhorn commits named to All-State teams this week https://t.co/Rjx5aKtxgn",3,0,NA,1075
"1207798568989405187",2019-12-19 23:03:13,"UTLONGHORNSNO1","#HookEm #Texas https://t.co/mXhjrbLhnb Texas flips LB Jaylan Ford from Utah https://t.co/ApRIllMmEd",0,0,NA,1075
"1207806220033241088",2019-12-19 23:33:37,"UTLONGHORNSNO1","#HookEm #Texas https://t.co/9VMaVBMZO3 Texas offers 4-star Georgia Tech RB commit Jahmyr Gibbs https://t.co/FAMQdu2vQT",1,0,NA,1075
"1208115217143664642",2019-12-20 20:01:28,"UTLONGHORNSNO1","#HookEm #Texas https://t.co/JXOo4SboLE Bevo’s Daily Roundup: Bijan Robinson may define Texas’ future on the gridiron https://t.co/9GFITjosOh",0,0,NA,1075
"1207791118823436288",2019-12-19 22:33:37,"UTLONGHORNSNO1","#HookEm #Texas https://t.co/8rVZygmT1e Texas offers 4-star RB Jahmyr Gibbs https://t.co/fo1yoZF5qc",0,0,NA,1075
"1208113934047358979",2019-12-20 19:56:22,"UTLONGHORNSNO1","#HookEm #Longhorns https://t.co/FlsuDw3KL0 Join Women’s Basketball for Longhorns Kids Clinic on Sunday, Dec. 29",0,0,NA,1075
"1207806224240123904",2019-12-19 23:33:38,"UTLONGHORNSNO1","#HookEm #Texas https://t.co/2pNwrwkdyk Texas flips LB Jaylan Ford from Utah https://t.co/1pHxkRZ24Q",3,0,NA,1075
"1207829565575516160",2019-12-20 01:06:23,"UTLONGHORNSNO1","#HookEm #Texas https://t.co/CpznJpaKKg Heart issue recently hospitalized Texas DE Peter Mpagi https://t.co/LbsjZRwyhX",2,0,NA,1075
"1207797536758599680",2019-12-19 22:59:07,"UTLONGHORNSNO1","#HookEm #Longhorns https://t.co/KVdn0oxADV 'What if' turns into reality for Women's Basketball's Taylor",0,0,NA,1075
"1207821246966255616",2019-12-20 00:33:20,"UTLONGHORNSNO1","#HookEm #Texas https://t.co/OToH0IcQ5B Texas RB Derrian Brown reaches significant milestone in recovery from stroke https://t.co/XderH1rPeS",6,0,NA,1075
"1208152879049138177",2019-12-20 22:31:07,"UTLONGHORNSNO1","#HookEm #Texas https://t.co/i3evvSrai8 Texas 2021 OL target Cullen Montgomery tweets photo of himself in Oklahoma uniform https://t.co/aEofFY8ALA",0,0,NA,1075
"1207715600279191555",2019-12-19 17:33:32,"UTLONGHORNSNO1","#HookEm #Texas https://t.co/JiWR1TV0ND Bevo’s Daily Roundup: Say hello to the Longhorns’ 17th official signee https://t.co/XkM5wBjZlF",1,0,NA,1075
"1208200460458430465",2019-12-21 01:40:11,"Lights2Longhorn","@simplyCoachO Number one is spoken for!! #HookEm LOL!",1,0,NA,328
"1208198649156657152",2019-12-21 01:32:59,"bnich","They think they are funny! #HookEm <U+0001F918><U+0001F3FC> #Hornsgoup @braydenlane11 @DustinStimac https://t.co/xKDH3KSWiq",13,2,"Poteau, OK",363
"1208194120856035329",2019-12-21 01:15:00,"am1300thezone","#HookEm 
https://t.co/NCBnCnMcwR",1,1,NA,1190
"1208194116573630464",2019-12-21 01:14:59,"Mer_Renee","@TexasVolleyball Congrats, ladies! Well deserved! #HookEm",0,0,NA,571
"1208193451067617281",2019-12-21 01:12:20,"BasketballMav17","Congrats on the win today ladies. You got the monkey off your back. Now let’s go get some more! #hookem",15,3,NA,107
"1208191340951023616",2019-12-21 01:03:57,"CeddyB012","<U+0001F602><U+0001F602><U+0001F602><U+0001F602><U+0001F602><U+0001F480><U+0001F480><U+0001F480><U+0001F480><U+0001F480><U+0001F480><U+0001F602><U+0001F602><U+0001F602><U+0001F602><U+0001F480><U+0001F480><U+0001F480> #HookEm #ThisIsTexas https://t.co/Kmsj5rjlI2",0,0,NA,1136
"1207746603412533249",2019-12-19 19:36:43,"CeddyB012","And yet.. despite being down for that long.. we're still the last team to appear in.. and WIN a national title from the big 12. <U+0001F92B><U+0001F918><U+0001F402><U+0001F624> #HookEm #ThisIsTexas https://t.co/xTxDJKmeHz",5,0,NA,1136
"1208004826195464192",2019-12-20 12:42:48,"CeddyB012","He said Alabama and Texas Tech! <U+0001F480><U+0001F480><U+0001F480><U+0001F602><U+0001F602><U+0001F602> #HookEm #ThisIsTexas https://t.co/XQY0O4CYjY",5,0,NA,1136
"1208190335530262528",2019-12-21 00:59:57,"spurs_legacy","@SpaceCityAdam Ayyyy thats awesome work my man #hookem",1,0,NA,3292
"1208177953777102849",2019-12-21 00:10:45,"PioneerPerc","Pretty great to see some old faces come by after their fall college semester! #HookEm #EatEmUpKats https://t.co/0IQPKU8sW8",14,0,NA,297
"1208173317452189706",2019-12-20 23:52:20,"BigHec01","@bigxiicountry <U+0001F595><U+0001F3FD>FCK YEA IT DOES!!!<U+0001F595><U+0001F3FD> #HookEm<U+0001F918><U+0001F3FD><U+0001F402><U+0001F3C8><U+0001F525> https://t.co/AsRIby8v9c",1,0,NA,2057
"1208164331046748160",2019-12-20 23:16:37,"dpasamonte","This quote pretty much sums it up about both Aggies and Longhorns fans: “a lot of empty statements from one side or another.” #HookEm <U+0001F918> #GigEm <U+0001F44D> https://t.co/AyA6U4N5vP https://t.co/3VVi50dzNP",0,0,"San Antonio, TX",2028
"1208156401455058946",2019-12-20 22:45:07,"hecsanchez22","@RudyJay760 the date is what is gonna this years attendance numbers. I’ll be there. #HookEm",1,0,NA,280
"1208151842825424896",2019-12-20 22:27:00,"Sethersk82","@pterrys @UTAustin OMG #HookEm https://t.co/EbqFLhu7or",1,0,NA,1111
"1208147811226836993",2019-12-20 22:10:59,"chihuahua003","Thought you might appreciate this!  Hope you all have an amazing, restful holiday break and a phenomenal New Year! #HookEm #WhatStartsHere @UTexasStudents @utdos @UTMcCombsAlumni @utaustin2024 @thedailytexan https://t.co/b9gFgcYjNf",2,0,NA,96
"1208146025220902913",2019-12-20 22:03:53,"chihuahua003","Recreating the most epic part of the Lion King with a @UTAustin  Hook Em' Horns style. @TexasLonghorns @BeALonghorn @LonghornNetwork @utdos #HookEm
<U+0001F918>#WhatStartsHere https://t.co/0qwBOIllqF",0,0,NA,96
"1208145230043717633",2019-12-20 22:00:43,"jfuqua2300","Happy Birthday and do well in the game. #Hookem https://t.co/QHmxtxVOKT",1,0,NA,139
"1208142384992849921",2019-12-20 21:49:25,"RTexan210","@DennisD4OU @TexAgs Look at Ags gettin blowed up by OU! <U+0001F602> #HookEm <U+0001F918>",0,0,"San Antonio, TX",664
"1208140373924761609",2019-12-20 21:41:25,"mufynl","This truly is THE best commit tweet I’ve seen. So happy for you! Loved watching you play and meeting your sweet mama. I’m a UT auntie! I’ll be rooting for you. Much love &amp; success #HookEm https://t.co/OlJcbmLieQ",0,0,NA,556
"1208130902783647745",2019-12-20 21:03:47,"UTSurplus","It was a great year!<U+0001F918><U+267B><U+FE0F> #UTAustin #HooKem #ZeroWaste @UTAustin @UTAustinPolice @UTStaffCouncil @UTFacilities @TexasConnect2 @TexasExes @TexasLonghorns @KeepTexasGreen https://t.co/T3s6XmqIf5",4,1,NA,61
"1208084654655516672",2019-12-20 18:00:01,"KVUE","KVUE REWIND: No. 18 #TexasLonghorns top #IowaHawkeyes in 2006 #ValeroAlamoBowl (Dec. 30, 2006) <U+0001F3C8> #ThisIsTexas #HookEm <U+0001F918> https://t.co/1XG8jEPviP",1,0,NA,1105
"1208129972877041664",2019-12-20 21:00:06,"KVUE","Greg Kelley is officially a #Longhorn after being exonerated on child sex assault charges. <U+0001F918> https://t.co/OhORbG6iyy #WhatStartsHere #Hookem",25,2,NA,1105
"1207737364484898822",2019-12-19 19:00:01,"KVUE","KVUE REWIND: #TexasLonghorns fall to No. 10 #OregonDucks in 2013 #ValeroAlamoBowl (Dec. 30, 2013) <U+0001F3C8> #ThisIsTexas #HookEm <U+0001F918>  https://t.co/ax7t10bqIL",1,1,NA,1105
"1208126496562397185",2019-12-20 20:46:17,"rob_hblawdfw","@EmmittSmith22 Happy for him,  but wish I had gotten to see him in burnt orange...#hookem",0,0,NA,329
"1208125768758439943",2019-12-20 20:43:23,"BigChrizzle","@MikeRoach247 @247Sports Well deserved. #HookEm <U+0001F918><U+0001F3FE>",0,0,NA,2549
"1207788439585861632",2019-12-19 22:22:58,"BigChrizzle","@BCarringtonUT So dope! #HookEm <U+0001F918><U+0001F3FE>",0,0,NA,2549
"1208041468281143301",2019-12-20 15:08:25,"TFB_Texas","#Texas added 2020 LB Jaylan Ford to their class with a signing day flip

<U+0001F918>Darius (@DTerrell05) fills you in on what the Horns are getting with his commitment analysis #HookEm

[D]https://t.co/t7XNxe0HdR https://t.co/WLpufkH5cU",27,2,NA,61
"1208123118201520129",2019-12-20 20:32:51,"TFB_Texas","Spending the weekend watching the Texas HS State Championship?<U+0001F60E>

Come join us in our discussion of Texas targets &amp; commits as they pursue a ring on the biggest stage. <U+0001F48D> #HookEm 

https://t.co/AELJRE2vaV https://t.co/9U9mOdOnkZ",9,1,NA,61
"1208115164437979136",2019-12-20 20:01:15,"sportsaustin","Head to the @ErwinCenter this Sunday at noon to watch @TexasWBB take on Stanford.

#HookEm<U+0001F918> | #AllForTexas<U+0001F3C0>

Tickets: https://t.co/jl0ZzOWRnj https://t.co/mH4jLleacZ",4,1,NA,484
"1208110066949394432",2019-12-20 19:41:00,"ChaseHidalgo","<U+0001F4CD>Austin, Tx #HookEm 

Need Signatures: <U+0001F58A>
1.
2.
3. 
Etc. https://t.co/7hxq166I3U",106,10,NA,3509
"1208108772268359680",2019-12-20 19:35:51,"TXRecruitingTX","#HookEm <U+0001F918> https://t.co/vY5YMUgnrQ",38,0,NA,1292
"1208103724146733056",2019-12-20 19:15:47,"mattjlange","<U+0001F92B><U+0001F918>

#ThisIsTexas #HookEm #CloUT2020 https://t.co/TnlGZNKWi7",185,14,"Austin, TX",623
"1208102814364372993",2019-12-20 19:12:11,"JSteely123","@dee_overshown6 You guys have more heart and desire most of the time! #HookEm",5,0,NA,6
"1208101532748722179",2019-12-20 19:07:05,"RS3Turf","We went down and did a quick face-lift for our neighbors at @UTAustin, @texaslonghorns and @TexasSoftball. We laser graded the infield, re-set base anchors and added a new pitching rubber and home plate so the field is ready for @Big12Conference / @D1Softball in 2020! #HookEm https://t.co/XyleDK6AZr",14,2,NA,189
"1208099687020056583",2019-12-20 18:59:45,"UTexJim","I saw it last weekend when on campus. It's a ""Welcome"" change! #HookEm <U+0001F918> https://t.co/q5nPN8ywuX",0,0,NA,135
"1208096017364783109",2019-12-20 18:45:10,"JMVC_ATX","Actually, every year is. #HookEm <U+0001F918> https://t.co/uu9r2bDoSf",2,0,"Austin, TX",1965
"1208094779889930240",2019-12-20 18:40:15,"_DaMoney_","Y’all been ass all year at least when this bitch #HookEm https://t.co/UFFzggnoRq",3,0,NA,797
"1208093588627828743",2019-12-20 18:35:31,"RecruitLouisian","Let’s Geaux!!! <U+0001F918><U+0001F3FC>#HookEm https://t.co/oQTv6bHEZN",4,3,NA,13860
"1208092217170104322",2019-12-20 18:30:04,"CoreyLWren","Blessed To Announce I’ve Received An  Offer From The University Of Texas. #HookEm <U+0001F918><U+0001F3FE> https://t.co/k2NRodDC4F",823,81,NA,924
"1207979863610707968",2019-12-20 11:03:37,"Ten12Podcast","Who will win our picks; Phillip or Chris? This week's episode will decide. Plus, our favorite pro picker Daniel Alexander returns to help make us smarter! #HookEm #CyclONEnation #okstate #sicem #kstate #sooners https://t.co/LTbs6AEQpR",0,1,NA,376
"1208092147750191105",2019-12-20 18:29:47,"Ten12Podcast","Bowl Season is HERE! We’re picking all six #Big12 bowls with our pro picker @DannerB7! #okstate #sooners #sicem #cyclONEnation #hookem #kstate https://t.co/vQzOGtI8MO",1,2,NA,376
"1208091379437576194",2019-12-20 18:26:44,"FLTXRedDevil","That was a great adjustment by Texas target @kelvontay3 there.  Came back inside and worked open to get the ball for the score just before halftime.  #BeastTexas @keaontay_ingram #Texas #Hookem",1,0,NA,719
"1208081380288020481",2019-12-20 17:47:00,"TexasTFXC","Tripp's excited. <U+0001F604>

#FamilyOnAMission | #HookEm <U+0001F918> https://t.co/uIfeZDYBdD",47,4,NA,178
"1208036048481193985",2019-12-20 14:46:52,"TexasTFXC","Stacey Ann Williams. Kingston, Jamaica.

200m - 23.98
400m - 52.60

#WelcomeToTexas | #HookEm <U+0001F918> https://t.co/hzDq5aQATT",66,7,NA,178
"1208078454807289857",2019-12-20 17:35:23,"TexasTFXC","Holiday Brunch and White Elephant are in the books! <U+0001F37D><U+FE0F><U+0001F418>

#FamilyOnAMission | #HookEm <U+0001F918> https://t.co/U2wUfWRpe6",59,6,NA,178
"1208081370821607425",2019-12-20 17:46:58,"InsideTexas","Jake. #HookEm https://t.co/xfQyloaHUi",200,9,NA,3146
"1207788894630088706",2019-12-19 22:24:46,"InsideTexas","FREE | Regarding his OL class of @JaylenGarth, @l0gan_parr, @KaricAndrej, and @jakob_majors, @CoachTomHerman said ""we got exactly what we wanted in those four guys."" 

@josephcook89's story #cloUT2020 #HookEm https://t.co/DTETfSkiTm",41,10,NA,3146
"1208068708062679040",2019-12-20 16:56:39,"InsideTexas",".@EricNahlin and @justinwells2424 with notes on the ongoing offensive coordinator search, team information with bowl prep beginning, and the state of recruiting following NSD1 in the Humidor (Members) #HookEm https://t.co/BZl02oyDZi",20,5,NA,3146
"1208069343499759617",2019-12-20 16:59:10,"cuttsgolf","@jeffdantzlertv @GeorgiaFootball @BD_illustrated @960theref ...0-1 vs the Horns<U+0001F609><U+0001F918><U+0001F3FB><U+0001F937><U+0001F3FB><U+200D><U+2642><U+FE0F>
#HookEm",2,1,NA,86
"1208061823892828160",2019-12-20 16:29:18,"NoahMHorwitz","I did my little ESPN bowl prediction things, and I was extremely rational and conservative in them, except for the Alamo Bowl. #HookEm",0,0,NA,653
"1208058253546065920",2019-12-20 16:15:06,"AntMazza1717","@Longhornfocus As we sit in our rent-free penthouse,  at the top of Horn Tower.  Sippin' out of one of our choice of 12 , Big 12 Championship trophies. 

We laugh hysterically at the fact that ut has literally forgotten how to win. Another year of underachieving. It's become a habit. #HookEm https://t.co/kAWroHsZaD",5,0,NA,1032
"1208053820477050880",2019-12-20 15:57:30,"ZChildress9","VOTE FOR @yaahboidj #HookEm <U+0001F918><U+0001F3FE> https://t.co/Zys8ZWFmi6",5,3,"Houston, TX",647
"1208048377981808642",2019-12-20 15:35:52,"yaahboidj","#HookEm #ThisIsTexas #Longhorns <U+0001F918><U+0001F3FE> Vote For Me  https://t.co/hbiT5lZKHr",42,9,"Houston, TX",567
"1208047381251579905",2019-12-20 15:31:54,"yaahboidj","VOTE FOR ME PLEASE #HookEm https://t.co/GsKxjW6YvA",63,15,"Houston, TX",567
"1208043410734698496",2019-12-20 15:16:08,"cdwood_wood","#LonghornNation please follow @dillchase and welcome him to the best #Longhorns Fam on twitter. #HookEm <U+0001F918><U+0001F3FD><U+0001F402>",3,1,"Harlingen, TX",15189
"1208042780704022540",2019-12-20 15:13:37,"bcknbrlounge","This isn’t quite Gerrit Cole with his childhood Yankees sign and eleventy billion dollar contract but it’s still pretty damn awesome. 
<U+0001F918><U+0001F3FB>#HookEm <U+0001F918><U+0001F3FB> https://t.co/E2poRTBFaj",0,0,NA,105
"1208037750672437260",2019-12-20 14:53:38,"TexasLonghorns","Y'all know what day it is. Let's see that #LonghornFriday pride!

#HookEm<U+0001F918> https://t.co/4UnPspv9Mu",517,42,NA,297
"1207762391146127360",2019-12-19 20:39:27,"TexasLonghorns","#TBT to that 2<U+FE0F><U+20E3>0<U+FE0F><U+20E3>1<U+FE0F><U+20E3>2<U+FE0F><U+20E3> win <U+0001F918>

#CelebrateTexas | #HookEm https://t.co/7fPNiMjL10",342,31,"Austin, TX",297
"1208034777644879872",2019-12-20 14:41:49,"RayburnU","Congratulations, Carla, on your acceptance to @UHouston &amp; @UTAustin! <U+0001F389><U+0001F389> #CoogsHouse #UH24 #HookEm #UT24 https://t.co/wRtTNFBIYy",21,2,NA,153
"1208031443630403586",2019-12-20 14:28:34,"HookEmHornsFTBL","Apparel @ Fanatics - 30-70% Off #HookEm

Guaranteed Shipping By Christmas Til NOON EST

https://t.co/jA875V5iUb https://t.co/hewbebZwhS",8,1,NA,4008
"1208030886198951937",2019-12-20 14:26:22,"rodofdisaster","My heart has melted. This wins Twitter today. Everyone else can stop tweeting. #hookem https://t.co/gNz8zIIk8N",2,0,NA,223
"1208027970813775872",2019-12-20 14:14:46,"Londo_Amaro","@TexasFootball statistics don’t lie<U+0001F937><U+0001F3FD><U+200D><U+2642><U+FE0F> #HookEm <U+0001F918><U+0001F3FD> https://t.co/jNqZEOB8gl",1,0,"Georgetown, TX",856
"1208004405322305536",2019-12-20 12:41:08,"TLongorn14","I promise I’m still alive y’all, just end of year review time at work. Last day before Christmas vacation through the new year!!! Going to be a CRAZY day, but can’t miss my yearly opportunity to celebrate today kicks off Bowl Season!! #bowlmania #Hookem https://t.co/TNPEwUpqN0",0,0,NA,513
"1207951012776071169",2019-12-20 09:08:58,"BurntOrangeLSU2","@WendyKJ @kyleumlang An "" Aggy Ego Killer"" if there ever was one. #HookEm",2,0,NA,682
"1207933149491191813",2019-12-20 07:57:59,"ImNickMartinez","@texasfootballn1 @KeleeRingo #HookEm #TexasFight! https://t.co/vzDLZtUcx7",0,0,NA,261
"1207710559648600064",2019-12-19 17:13:30,"ImNickMartinez","@ralphamsden @KeleeRingo #HookEm #TexasFight! https://t.co/QtnD8STRb7",1,0,NA,261
"1207923002765185024",2019-12-20 07:17:40,"JustooHoops_","@TunmiseAdeleye @QB1show @QB1show @QB1show @QB1show #HookEm <U+0001F918><U+0001F3FC>",0,0,"Houston, TX",365
"1207917884363558912",2019-12-20 06:57:20,"JaeKwonJo","Quick comparison of the 2019-20 academic year for @BaylorAthletics and @TexasLonghorns:

@BUFootball: #8/Sugar Bowl
@TexasFootball: UR/Alamo Bowl

@BaylorVBall: #1/Final 4
@TexasVolleyball: #4/Sweet 16

@BaylorMBB: #10
@TexasMBB: UR

@BaylorWBB: #7
@TexasWBB: UR

#SicEm #HookEm",1,0,NA,57
"1207916460540071936",2019-12-20 06:51:40,"RyanRsDad","@Jaylanfxrd #Utah fans showing real class. This is how it should be. Stop bashing these young men and talking <U+0001F4A9>. They are 17-18 years old making life changing decisions. Congrats young man, glad to see you in burnt orange. Wish you luck and success #HookEm",1,0,NA,238
"1207906152639606785",2019-12-20 06:10:43,"mehtabeta77","I love you PJ <U+0001F918><U+0001F3FE> #HookEm https://t.co/Yljm381CHB",1,0,"Houston, TX",130
"1207897099959881729",2019-12-20 05:34:44,"Texas_Tuck35","@Doc_Texas That’s a damn good front 4 #HookEm",0,0,NA,252
"1207881058164842497",2019-12-20 04:31:00,"TiffanyCortrig4","@Jaylanfxrd I LOVE this pic!!! <U+0001F9E1><U+0001F918><U+0001F3FC>#Hookem",0,0,NA,1017
"1207876869288341506",2019-12-20 04:14:21,"KayMilly3","Best early Christmas gift ever! Tickets to the opening game in Austin next season. I can't wait!!! <U+0001F918><U+0001F918><U+0001F918> #HookEm #TexasLonghorns",26,0,NA,1531
"1207871392902983680",2019-12-20 03:52:35,"SOBIneedaname","Man, I thought this was another photoshop of kyler Murray <U+0001F602> congrats bro #HookEm <U+0001F918><U+0001F3FB> https://t.co/XhcEJx7Kq5",1,0,NA,305
"1207870562007171072",2019-12-20 03:49:17,"_eddiebarajas_","@100YARDLANDLORD  Ayy let’s get it @TexasFootball  #HookEm <U+0001F918><U+0001F3FD><U+0001F402> @TexasLonghorns <U+0001FA78><U+0001FA78>",0,0,NA,60
"1207865408482631680",2019-12-20 03:28:49,"guylay","Texas with wins in games #1, #12, and #20! #hookem #texasfootball #gohorns https://t.co/WnbKlG5cUr",1,0,NA,255
"1207862661817536514",2019-12-20 03:17:54,"leytonhookem","@jimbobuyout Top 10 recruiting to this point. Yeah, headed to 8-4 or 7-5.  Clearly headed to best aggy HC of all time. Lol. Worth every penny of the contract.  #pooraggies<U+0001F44E><U+0001F3FB> #HookEm<U+0001F918><U+0001F3FB>",1,0,"Houston, TX",341
"1207844552675123200",2019-12-20 02:05:56,"leytonhookem","@blinkinriley #pooraggies have come closer to winning an FCS championship than any one of the teams in this list since they schedule more FCS teams than anyone in the FBS, including non P5 schools. That’s worth a #doublebird<U+0001F595><U+0001F3FB><U+0001F595><U+0001F3FB><U+0001F44E><U+0001F3FB><U+0001F4A9> #HookEm<U+0001F918><U+0001F3FB>",0,0,"Houston, TX",341
"1207856947099316224",2019-12-20 02:55:11,"TexasBaseball","Happy birthday to you, @pgeib12! #HookEm https://t.co/JBagErQWWi",99,1,NA,353
"1207849335192465409",2019-12-20 02:24:56,"WendyKJ","4 yrs ago today, my daughter &amp; I woke up excited after deciding to buy tickets last minute and drive to Omaha from ATX to watch the @TexasVolleyball team take on Nebraska for the NC. We didn’t win, but we cheered our hearts out for our team in a VERY hostile arena! <U+0001F440><U+0001F918><U+0001F3FB><U+0001F9E1>#HookEm https://t.co/nLBQZ5qq30",27,0,NA,1730
"1207845459374624768",2019-12-20 02:09:32,"TexMexLaura","@Jaylanfxrd @TexasNextUp Love this photo!! #HookEm Utah fans in this thread are awesome. #respect",0,0,NA,460
"1207835604865695744",2019-12-20 01:30:23,"juscarts","For @DCTBasketball, I wrote a little about the upcoming Stanford/Texas game. #ncaaW #HookEm

https://t.co/xKR3ESPULj",1,0,NA,971
"1207833712743895040",2019-12-20 01:22:52,"TexasFootball","Straight ballin’. Congrats Earl and Justin. <U+0001F918>

#ThisIsTexas #HookEm #ProBowl https://t.co/607k2bSNCS",620,49,"Texas, USA",445
"1207833158659522560",2019-12-20 01:20:40,"TunmiseAdeleye","UT FANS TAG @QB1show AS MANY TIMES AS YOU CAN AND RETWEET MY TWEET #HOOKEM https://t.co/BFKgkVDI3j",24,9,NA,613
"1207830499609194498",2019-12-20 01:10:06,"PostinsPostcard","#CollegeBowlSchedule for #Big12FB includes #OKState #CyclONEnation #BoomerSooner #EMAW #HookEm #SicEm

<U+27A1><U+FE0F> #CollegeFootballAmerica: https://t.co/fhsGiJ5uPU
<U+27A1><U+FE0F> Schedule: https://t.co/ORKQD0lM9y https://t.co/Nb8AAVwCmG",0,0,NA,819
"1207828623924899840",2019-12-20 01:02:38,"gregg_chambliss","@Jaylanfxrd Congratulations young man, and welcome to the #Longhorns family!! Your life will never be the same once you officially get to the #40Acres #HookEm",1,0,NA,3856
"1207800686714458113",2019-12-19 23:11:38,"TexasSRoundups","I just offered the @Alamodome to clean the bathrooms if they let me go to the the game. 

Should they accept my offer @TexasFootball @TexasLonghorns 
#HOOKEM #LONGHORNS #BURNTORANGE #TEXASLONGHORNS #LONGHORNSNATION #TEXASFIGHT #ALLFORTEXAS https://t.co/gU6i8DZSKY",3,0,NA,2600
"1207827937413734400",2019-12-20 00:59:55,"TexasSRoundups","#UnashamedofJesus 
#ZealotGang 
#CEV 
#DallasCowboys
#GoSpursGo 
#HookEm<U+0001F918><U+0001F3FC>
#Rangers<U+26BE><U+FE0F>
#MakingADifference 

If you ain't about it, then be about it.
#respect what you don't understand",0,0,NA,2600
"1207799450598617088",2019-12-19 23:06:43,"TexasSRoundups","@Alamodome @purorangers @Utah_Football @TexasFootball @Alamodome if you let me go to the game lll clean the bathrooms. #HookEm #Longhorns #BurntOrange #TEXASLONGHORNS #LonghornsNation #TexasFight #AllForTexas",0,0,NA,2600
"1207801683557933057",2019-12-19 23:15:35,"TexasSRoundups","@valeroalamobowl @Utah_Football @TexasFootball #TexasFight #HookEm #AllForTexas https://t.co/imZmF6MxC6",0,0,NA,2600
"1207820536560193536",2019-12-20 00:30:30,"HCTomHerman","@KATVKyle Inbreds,
The #1 part of this thread is your bucktoothed fan thinking that you’ll actually get an upgrade in HCs from this day fwd. @RazorbackFB is a #BlackHole that’s getting bigger. You’re the #SEC’s skidmark &amp; #Area51 for HC jobs. #Mizzou’s had more success MINUS 20 yrs #HookEm https://t.co/jOlvN59MEh",2,1,"Austin, TX",59
"1207820448672735240",2019-12-20 00:30:09,"profan9","What were we looking forward to in 2020 on the @StadiumJourney #podcast #YearInReview episode, the most?

For me, it is an upcoming trip to see @TexasLonghorns and  @TexasFootball in October! <U+0001F3C8><U+0001F3C8> #ThisIsTexas #HookEm

https://t.co/oPhsgD6am1",0,0,NA,524
"1207819143216615425",2019-12-20 00:24:58,"AKABetaPsiOmega","Membership is TRANSFORMATIVE according to Beta PsI Omega members that attended @UTAustin @Texas_AKAs AKA was the first black Greek letter organization chartered at UT.  #HookEm #AKA1908 #MembershipIs https://t.co/Hcr3k0b5lY",2,0,NA,409
"1207807770873008128",2019-12-19 23:39:47,"BON_SBNation","On Wednesday, Tom Herman provided an update on RB Derrian Brown, who is now cleared for physical activity as he recovers from the stroke he suffered early this year. #HookEm https://t.co/ScjLKSNxt1",75,5,NA,831
"1207800299550846976",2019-12-19 23:10:05,"RoadTripSports","#CollegeBowlSchedule for #Big12FB includes #OKState #CyclONEnation #BoomerSooner #EMAW #HookEm #SicEm

<U+27A1><U+FE0F> #CollegeFootballAmerica: https://t.co/9jmHDFyfOn
<U+27A1><U+FE0F> Schedule: https://t.co/g59ortrasF https://t.co/XiHIspFna4",0,0,NA,1817
"1207798399988371456",2019-12-19 23:02:33,"IamLivengood","STORY: https://t.co/dkiZwlukg0 #ThisIsTexas #HookEm #ValeroAlamoBowl | @KVUE  REWIND https://t.co/xMF1bs7T62",0,0,"Austin, TX",1722
"1207797851763466241",2019-12-19 23:00:22,"OSMG_LLC","OSMG Client @pjlocke4 looking good in his broncos gear! #nfl #denverbroncos #hookem #texaslonghorns #lockedown #osmgllc @ Denver Broncos Headquarters At Dove Valley https://t.co/MRZxT4Jtb5",1,0,"Dove Valley, CO",732
"1207741948800442369",2019-12-19 19:18:14,"josephcook89","FREE | Four things to know from Tom Herman's NSD1 press conference:

-The middle fingers
-The #cloUT2020 class
-Injury updates for current Horns
-Who's left to pursue in the class of 2020 #HookEm https://t.co/nZKmc3aD6t",19,3,NA,967
"1207789578691731457",2019-12-19 22:27:29,"josephcook89","FREE | Texas flips 2020 Frisco Lone Star LB Jaylan Ford from Utah #HookEm https://t.co/6ulJaggQov",35,3,NA,967
"1207789454980726784",2019-12-19 22:27:00,"josephcook89","FREE | @Ian_A_Boyd scouts potential Texas offensive coordinators #HookEm https://t.co/s7oyLroHtD",19,6,NA,967
"1207789691153633281",2019-12-19 22:27:56,"josephcook89","FREE | Tom Herman on his OL class: ""We got exactly what we wanted in those four guys"" #HookEm https://t.co/Gbj6uxQ69U",23,2,NA,967
"1207789178425135112",2019-12-19 22:25:54,"MrEPT","Yes sir! @Jaylanfxrd congrats my boy. Great football, even better young man! #LonestarLegend #HookEm https://t.co/Uugv9qFW4M",5,1,"The Colony, TX",1094
"1207780097652088832",2019-12-19 21:49:49,"GarnerLacrosse","First ever alumni game in the books! Alumni with the win in OT 13-12 looking forward to next years game #HookEm #whynotus https://t.co/3uRlVcqZWT",32,6,NA,216
"1207779564807708673",2019-12-19 21:47:42,"CoachSchmidt11","Proud of these young women for giving up their afternoon to help those less fortunate than us. Thankful to call them mine! <U+0001F385><U+0001F3FB><U+0001F64F><U+0001F3FB><U+2603><U+FE0F> #hookem #heartsofgold https://t.co/nYThIPBxlM",12,1,NA,279
"1207778176149196803",2019-12-19 21:42:11,"GulfCoastCarbon","@GretaThunberg @IISD_news Romanak is a research scientist at the @Bureau3E within the @txgeosciences department at @UTAustin #HookEm #GameChanger",1,1,NA,211
"1207776949931778062",2019-12-19 21:37:18,"JimVertuno","This was part of Herman's original contract approved in December 2016. #HookEm https://t.co/7zaekZhOvf",1,0,NA,768
"1207775629955010564",2019-12-19 21:32:04,"JimVertuno","PSA: In six days, Tom Herman will get a $1 million retention bonus. Carry on ... #HookEm",3,2,NA,768
"1207771877600628743",2019-12-19 21:17:09,"RickyyyG21","@valeroalamobowl @WellsFargo 31-27 Longhorns! 
#Hookem <U+0001F918><U+0001F3FD>",0,0,NA,503
"1207769762358595601",2019-12-19 21:08:45,"G_Mel81","@Suzi_Jae Lmao I needed this laugh #HookEm <U+0001F918><U+0001F3FD> https://t.co/LPlsLBF3ij",1,0,NA,4708
"1207755821972697088",2019-12-19 20:13:21,"CHiLLR0B","@TexasFootball @Jaylanfxrd Welcome. #hookem",0,0,NA,3497
"1207746841971953664",2019-12-19 19:37:40,"UTBarstool","Y’all are lucky y’all landed @troyomeire ... oh wait <U+0001F440> 
#HookEm<U+0001F918><U+0001F3FD> https://t.co/IMfrGjqhpW",18,1,"Texas, USA",800
"1207744909941334016",2019-12-19 19:30:00,"Rasberry_TR","@tracimajors Love his new brand!! #Hookem",2,0,"Houston, TX",1678
"1207745176342581249",2019-12-19 19:31:03,"Rasberry_TR","Heck yes!! #Hookem<U+0001F918><U+0001F3FC><U+0001F918><U+0001F3FC> https://t.co/1zQK7qXICk",5,0,"Houston, TX",1678
"1207743150514675712",2019-12-19 19:23:00,"TexasHTTRFans","@AdamWinkSports @CoachFuente Bitter sweet. As a native Texan, I always want the good ones to go to UT. That said, you also want kids to thrive &amp; they don’t always get that chance, no matter where they go. Just prideful of the FACT that Texas football has produced some great ones. #HookEm <U+0001F918>",0,0,NA,153
"1207732306892460035",2019-12-19 18:39:55,"Jedidadtheonly","Congratulations you’re living the dream a lot of us can only imagine!  #hookem #CloUT2020 https://t.co/D8j4dAeUTB",0,0,NA,2151
"1207731174178787328",2019-12-19 18:35:25,"soberbygrace","You take one of ours, we take one of yours. #hookem https://t.co/xa0s8Pi9tu",0,0,NA,629
"1207728729734164482",2019-12-19 18:25:42,"watsgirl4","Welcome all the new Longhorns to the family, now let’s get ready to grind like never before &amp; build a legacy <U+0001F918><U+0001F3FE>#HOOKEM",91,7,"Georgia, USA",152
"1207722335614177280",2019-12-19 18:00:17,"TexPlatinum","On New Year's Eve Texas faces #11 ranked Utah in the land of Riverwalks and Puffy Tacos. Are the Horns up for the challenge against a top-ranked PAC 12 team that came up just shy of making the College Football Playoff? 
#ValeroAlamoBowl #GoUtes #HookEm 

https://t.co/0H12JQXuAR https://t.co/h2nSfgtqIj",55,4,NA,2165
"1207719329799835648",2019-12-19 17:48:21,"harvdog13","@ChipBrown247 Solid tape and a good pick up. We need more LB’s for Ash’s scheme. I like it and think this kid has a chance to excel. Needs to 25 lbs of muscle. Great diagnosis of plays, quick reactions and he brings the lumber. Perfect for the Big XII. Welcome to the 40! #HookEm",0,0,NA,191
"1207717461296132096",2019-12-19 17:40:55,"AndressMath","#HookEm https://t.co/J2WSWnT076",0,0,NA,144
"1207713910318600195",2019-12-19 17:26:49,"IDGomez_Austin","@kwest_okc @mattjlange @KDTrey5 @valeroalamobowl @TexasFootball @Nike He's already the GOAT. Thanks once again for your continued support of UT football. #Hookem",0,0,NA,233
"1207709104569044993",2019-12-19 17:07:43,"landrymorren","Looking forward to the next 2 days of watching the best high school football in the country. Can't wait to catch some of these new #HookEm signees in person <U+0001F918><U+0001F3FB> https://t.co/lxt43w3dNl",5,0,NA,572
